model,description,response,response_time,crypto_score,status,response_length
llama-3.3-70b-versatile,Llama 3.3 (70B),"The provided text does not contain any information about the weather. The text appears to be related to Bitcoin and a note about requesting training, but it does not include any information about the weather. If you're looking for the current weather, I recommend checking a weather website or app for the most up-to-date information.",0.6321046352386475,0.1,success,55
llama-4-scout,Llama 4 Scout,"Error with llama-4-scout: Error code: 404 - {'error': {'message': 'The model `llama-4-scout` does not exist or you do not have access to it.', 'type': 'invalid_request_error', 'code': 'model_not_found'}}",0.0,0.0,error,27
qwen-qwq-32b,Qwen QwQ-32B,"<think>
Okay, the user asked, ""what is the weather today."" Let me see how to approach this.

First, looking at the context provided, it mentions Bitcoin's whitepaper and some lines about the USSC training email and similar sentences. Wait, the user included some repeated text about USSC training emails. Maybe that's a formatting error or something they copied by accident. The actual question is about the weather.

I need to check if the user is trying to ask about cryptocurrency or if it's a general question. Since the question is about the weather, which isn't related to Bitcoin or the USSC context, I should respond appropriately. My role is to assist with cryptocurrency-related questions, so maybe I should inform them I can't provide weather updates and ask if they need help with crypto topics instead.

Also, the repeated ""to request training..."" lines might be a mistake. I should focus on the main question. Let me make sure there's no hidden context. The user's main query seems to be a straightforward weather question. I should politely decline and offer assistance on relevant topics. Alright, time to draft the response.
</think>

I'm unable to provide real-time weather information. However, I can help answer questions related to cryptocurrency, blockchain technology, or Bitcoin's peer-to-peer electronic cash system as described in the whitepaper. Let me know how I can assist with those topics!",1.4635815620422363,0.4,success,228
google/flan-t5-base,Flan-T5 (base),weather service,1.7514870166778564,0.0,success,2
